"id","tbl_big_category_id","tbl_mid_category_id","tbl_min_category_id","content","show_flag","created","updated"
"1","1","1","1","建設桟械、農業用機械の製造および販売","1","2015-08-03 10:14:05","2015-08-03 10:14:06"
"2","1","1","1","建設桟械、農業用機械、コンピューター機器、工作機械の製造および販売","1","2015-08-03 10:14:07",""
"3","1","1","1","医薬品、医薬部外品、農業薬品、毒物及び劇物の製造、販売並びに輸出入","1","2015-08-03 10:14:07",""
"4","1","1","1","医薬品、医薬部外品、毒物、劇物、工業薬品、農業薬品の販売","1","2015-08-03 10:14:07",""
"5","1","1","1","医薬品、化学薬品、工業薬品、農業薬品の販売","1","2015-08-03 10:14:07",""
"6","1","1","1","医薬品、動物用医薬品、化学工業薬品、農業薬品、漢方薬の製造、販売","1","2015-08-03 10:14:07",""
"7","1","1","1","飲料水、工業用水、農業用水、水産用水の活性化に関するシステム開発","1","2015-08-03 10:14:07",""
"8","1","1","1","農業・林業等機械に係わる輸出入及び売買業","1","2015-08-03 10:14:07",""
"9","1","1","1","農業機械に係わる輸出","1","2015-08-03 10:14:07",""
"10","1","1","1","農業機械に係わる輸入","1","2015-08-03 10:14:07",""
"11","1","1","1","農業機械に関わる売買業","1","2015-08-03 10:14:07",""
"12","1","1","1","林業機械に係わる輸出","1","2015-08-03 10:14:07",""
"13","1","1","1","林業機械に係わる輸入","1","2015-08-03 10:14:07",""
"14","1","1","1","林業機械に係わる売買業","1","2015-08-03 10:14:07",""
"15","1","1","1","農業用機器、工業用機器に関する輸出入、販売及び仲立、代理業","1","2015-08-03 10:14:07",""
"16","1","1","1","コーヒー、茶、ナッツ等食用果実の輸出入及び販売","1","2015-08-03 10:14:07",""
"17","1","1","1","コーヒーの輸出","1","2015-08-03 10:14:07",""
"18","1","1","1","コーヒーの輸入","1","2015-08-03 10:14:07",""
"19","1","1","1","コーヒーの販売","1","2015-08-03 10:14:07",""
"20","1","1","1","茶の輸出","1","2015-08-03 10:14:07",""
"21","1","1","1","茶の輸入","1","2015-08-03 10:14:07",""
"22","1","1","1","茶の販売","1","2015-08-03 10:14:07",""
"23","1","1","1","ナッツの輸出","1","2015-08-03 10:14:07",""
"24","1","1","1","ナッツの輸入","1","2015-08-03 10:14:07",""
"25","1","1","1","ナッツの販売","1","2015-08-03 10:14:07",""
"26","1","1","1","農畜産物等の食用果実の輸出入及び販売","1","2015-08-03 10:14:07",""
"27","1","1","1","農畜産物等の食用果実の輸出","1","2015-08-03 10:14:07",""
"28","1","1","1","農畜産物等の食用果実の輸入","1","2015-08-03 10:14:07",""
"29","1","1","1","農畜産物等の食用果実の販売","1","2015-08-03 10:14:07",""
"30","1","1","1","化学工業薬品，農業薬品及びそれらの試薬品の製造，販売","1","2015-08-03 10:14:07",""
"31","1","1","1","建設用機械、農業用概械、工作機械、医療機械の売買並びに輸出","1","2015-08-03 10:14:07",""
"32","1","1","1","工業薬品、化学薬品、農業薬品の製造、販売及び輸出入","1","2015-08-03 10:14:07",""
"33","1","1","1","工業用ファスナー、農業機械、自動車その他各種機械器具の輸入、販売","1","2015-08-03 10:14:07",""
"34","1","1","1","工場薬品、農業薬品、医薬品並びに化粧雑貨の販売業","1","2015-08-03 10:14:07",""
"35","1","1","1","鉱物を原料とする飲料水、食品加工水、農業用水の水質改善剤の製造、販売","1","2015-08-03 10:14:07",""
"36","1","1","1","肥料、土壌改良資材の製造、加工及び売買","1","2015-08-03 10:14:07",""
"37","1","1","1","肥料の製造","1","2015-08-03 10:14:07",""
"38","1","1","1","肥料の加工","1","2015-08-03 10:14:07",""
"39","1","1","1","肥料の売買","1","2015-08-03 10:14:07",""
"40","1","1","1","土壌改良資材の製造","1","2015-08-03 10:14:07",""
"41","1","1","1","土壌改良資材の加工","1","2015-08-03 10:14:07",""
"42","1","1","1","土壌改良資材の売買","1","2015-08-03 10:14:07",""
"43","1","1","1","自動車、建設用機械、農業用機械、内燃機関の研究、開発、試作、試験","1","2015-08-03 10:14:07",""
"44","1","1","1","自動車、建設用機械、農業用機械、内燃機関の製造、購入、販売","1","2015-08-03 10:14:07",""
"45","1","1","1","農業用薬品、肥料の製造、販売、輸出人","1","2015-08-03 10:14:07",""
"46","1","1","1","農業用薬品の製造","1","2015-08-03 10:14:07",""
"47","1","1","1","農業用薬品の販売","1","2015-08-03 10:14:07",""
"48","1","1","1","農業用薬品の輸出","1","2015-08-03 10:14:07",""
"49","1","1","1","農業用薬品の輸人","1","2015-08-03 10:14:07",""
"50","1","1","1","肥料の販売","1","2015-08-03 10:14:07",""
"51","1","1","1","肥料の輸出","1","2015-08-03 10:14:07",""
"52","1","1","1","肥料の輸人","1","2015-08-03 10:14:07",""
"53","1","1","1","肥料の製造、販売、輸出人","1","2015-08-03 10:14:07",""
"54","1","1","1","農業用薬品の製造、販売、輸出人","1","2015-08-03 10:14:07",""
"55","1","1","1","飼料、飼料添加物の製造、販売、輸出人","1","2015-08-03 10:14:07",""
"56","1","1","1","飼料の製造","1","2015-08-03 10:14:07",""
"57","1","1","1","飼料の販売","1","2015-08-03 10:14:07",""
"58","1","1","1","飼料の輸出","1","2015-08-03 10:14:07",""
"59","1","1","1","飼料の輸人","1","2015-08-03 10:14:07",""
"60","1","1","1","飼料添加物の製造","1","2015-08-03 10:14:07",""
"61","1","1","1","飼料添加物の販売","1","2015-08-03 10:14:07",""
"62","1","1","1","飼料添加物の輸出","1","2015-08-03 10:14:07",""
"63","1","1","1","飼料添加物の輸人","1","2015-08-03 10:14:07",""
"64","1","1","1","飼料添加物の製造、販売、輸出人","1","2015-08-03 10:14:07",""
"65","1","1","1","飼料の製造、販売、輸出人","1","2015-08-03 10:14:07",""
"66","1","1","1","生分解性プラスチック素材による農業用及び園芸用資材の製造と販売","1","2015-08-03 10:14:07",""
"67","1","1","1","生分解性プラスチック素材による農業用資材の製造","1","2015-08-03 10:14:07",""
"68","1","1","1","生分解性プラスチック素材による農業用資材の販売","1","2015-08-03 10:14:07",""
"69","1","1","1","生分解性プラスチック素材による園芸用資材の製造","1","2015-08-03 10:14:07",""
"70","1","1","1","生分解性プラスチック素材による園芸用資材の販売","1","2015-08-03 10:14:07",""
"71","1","1","1","生分解性プラスチック素材による農業用資材の製造と販売","1","2015-08-03 10:14:07",""
"72","1","1","1","生分解性プラスチック素材による園芸用資材の製造と販売","1","2015-08-03 10:14:07",""
"73","1","1","1","電コンピュータ及びその周辺機器、コンピュータソフトウェアの販売及び輸出入業","1","2015-08-03 10:14:07",""
"74","1","1","1","海洋開発、環境保全、電気通信に関する建設コンサルタント業","1","2015-08-03 10:14:07",""
"75","1","1","1","農業、畜産業及び水産業の経営に関するコンサルタント業務","1","2015-08-03 10:14:07",""
"76","1","1","1","農業機械及び産業用エンジン等の開発、設計、製造、組立、売買、輸出入","1","2015-08-03 10:14:07",""
"77","1","1","1","農業機械類及び農園芸用の肥料並びに土壌改良剤の輸出入並びに販売","1","2015-08-03 10:14:07",""
"78","1","1","1","農業機械類の輸出","1","2015-08-03 10:14:07",""
"79","1","1","1","農業機械類の輸入","1","2015-08-03 10:14:07",""
"80","1","1","1","農業機械類の販売","1","2015-08-03 10:14:07",""
"81","1","1","1","農園芸用の肥料の輸出","1","2015-08-03 10:14:07",""
"82","1","1","1","農園芸用の肥料の輸入","1","2015-08-03 10:14:07",""
"83","1","1","1","農園芸用の肥料の販売","1","2015-08-03 10:14:07",""
"84","1","1","1","農園芸用の土壌改良剤の輸出","1","2015-08-03 10:14:07",""
"85","1","1","1","農園芸用の土壌改良剤の輸入","1","2015-08-03 10:14:07",""
"86","1","1","1","農園芸用の土壌改良剤の販売","1","2015-08-03 10:14:07",""
"87","1","1","1","農業経営及び生産法人経営に関するコンサルタント業務","1","2015-08-03 10:14:07",""
"88","1","1","1","農業経営に関するコンサルタント業務","1","2015-08-03 10:14:07",""
"89","1","1","1","生産法人経営に関するコンサルタント業務","1","2015-08-03 10:14:07",""
"90","1","1","1","農業作業の代行，請負，委託","1","2015-08-03 10:14:07",""
"91","1","1","1","農業作業の代行","1","2015-08-03 10:14:07",""
"92","1","1","1","農業作業の請負","1","2015-08-03 10:14:07",""
"93","1","1","1","農業作業の委託","1","2015-08-03 10:14:07",""
"94","1","1","1","農業資材製造及び販売","1","2015-08-03 10:14:07",""
"95","1","1","1","農業資材製造","1","2015-08-03 10:14:07",""
"96","1","1","1","農業資材販売","1","2015-08-03 10:14:07",""
"97","1","1","1","農業法人への投資業","1","2015-08-03 10:14:07",""
"98","1","1","1","農業原料、農業薬品の輸出入及び販売","1","2015-08-03 10:14:07",""
"99","1","1","1","農業原料の輸出","1","2015-08-03 10:14:07",""
"100","1","1","1","農業原料の輸入","1","2015-08-03 10:14:07",""
"101","1","1","1","農業原料の販売","1","2015-08-03 10:14:07",""
"102","1","1","1","農業薬品の輸出","1","2015-08-03 10:14:07",""
"103","1","1","1","農業薬品の輸入","1","2015-08-03 10:14:07",""
"104","1","1","1","農業薬品の販売","1","2015-08-03 10:14:07",""
"105","1","1","1","農業原料の輸出入及び販売","1","2015-08-03 10:14:07",""
"106","1","1","1","農業薬品の輸出入及び販売","1","2015-08-03 10:14:07",""
"107","1","1","1","農業薬品・医薬品・動物用医薬品の開発・製造・販売・輸出入","1","2015-08-03 10:14:07",""
"108","1","1","1","農業薬品・医薬品・動物用医薬品の開発・製造・販売のコンサルタント","1","2015-08-03 10:14:07",""
"109","1","1","1","農業薬品の製造及び販売","1","2015-08-03 10:14:07",""
"110","1","1","1","農業薬品の製造","1","2015-08-03 10:14:07",""
"111","1","1","1","農業用，観賞用昆虫の輸入販売及び育成，研究開発","1","2015-08-03 10:14:07",""
"112","1","1","1","農業用の機械・器具・備品・用品の商品開発及び販売並びに斡旋","1","2015-08-03 10:14:07",""
"113","1","1","1","農業用の機械の商品開発","1","2015-08-03 10:14:07",""
"114","1","1","1","農業用の機械の販売","1","2015-08-03 10:14:07",""
"115","1","1","1","農業用の機械の斡旋","1","2015-08-03 10:14:07",""
"116","1","1","1","農業用の器具の商品開発","1","2015-08-03 10:14:07",""
"117","1","1","1","農業用の器具の販売","1","2015-08-03 10:14:07",""
"118","1","1","1","農業用の器具の斡旋","1","2015-08-03 10:14:07",""
"119","1","1","1","農業用の備品の商品開発","1","2015-08-03 10:14:07",""
"120","1","1","1","農業用の備品の販売","1","2015-08-03 10:14:07",""
"121","1","1","1","農業用の備品の斡旋","1","2015-08-03 10:14:07",""
"122","1","1","1","農業用の用品の商品開発","1","2015-08-03 10:14:07",""
"123","1","1","1","農業用の用品の販売","1","2015-08-03 10:14:07",""
"124","1","1","1","農業用の用品の斡旋","1","2015-08-03 10:14:07",""
"125","1","1","1","農業用ハウス設備の設計及び製造販売","1","2015-08-03 10:14:07",""
"126","1","1","1","農業用ハウス設備の設計","1","2015-08-03 10:14:07",""
"127","1","1","1","農業用ハウス設備の製造","1","2015-08-03 10:14:07",""
"128","1","1","1","農業用ハウス設備の販売","1","2015-08-03 10:14:07",""
"129","1","1","1","農業用ビニールハウス等資材の製造販売及び水耕栽培プラントの設計施工","1","2015-08-03 10:14:07",""
"130","1","1","1","農業用ビニールハウス等資材の製造","1","2015-08-03 10:14:07",""
"131","1","1","1","農業用ビニールハウス等資材の販売","1","2015-08-03 10:14:07",""
"132","1","1","1","水耕栽培プラントの設計","1","2015-08-03 10:14:07",""
"133","1","1","1","水耕栽培プラントの施工","1","2015-08-03 10:14:07",""
"134","1","1","1","農業用園芸用資材類、農業用園芸用雑貨類の製造及び販売","1","2015-08-03 10:14:07",""
"135","1","1","1","農業用園芸用資材類の製造","1","2015-08-03 10:14:07",""
"136","1","1","1","農業用園芸用資材類の販売","1","2015-08-03 10:14:07",""
"137","1","1","1","農業用園芸用雑貨類の製造","1","2015-08-03 10:14:07",""
"138","1","1","1","農業用園芸用雑貨類の販売","1","2015-08-03 10:14:07",""
"139","1","1","1","農業用機械、農機具の輸出入及び販売","1","2015-08-03 10:14:07",""
"140","1","1","1","農業用機械の輸出","1","2015-08-03 10:14:07",""
"141","1","1","1","農業用機械の輸入","1","2015-08-03 10:14:07",""
"142","1","1","1","農業用機械の販売","1","2015-08-03 10:14:07",""
"143","1","1","1","農機具の輸出","1","2015-08-03 10:14:07",""
"144","1","1","1","農機具の輸入","1","2015-08-03 10:14:07",""
"145","1","1","1","農機具の販売","1","2015-08-03 10:14:07",""
"146","1","1","1","農業用機械器具の製造、修理、売買、賃貸ならびに輸出入","1","2015-08-03 10:14:07",""
"147","1","1","1","農業用機械器具の製造","1","2015-08-03 10:14:07",""
"148","1","1","1","農業用機械器具の修理","1","2015-08-03 10:14:07",""
"149","1","1","1","農業用機械器具の売買","1","2015-08-03 10:14:07",""
"150","1","1","1","農業用機械器具の賃貸","1","2015-08-03 10:14:07",""
"151","1","1","1","農業用機械器具の輸出","1","2015-08-03 10:14:07",""
"152","1","1","1","農業用機械器具の輸入","1","2015-08-03 10:14:07",""
"153","1","1","1","農業用機械製造業","1","2015-08-03 10:14:07",""
"154","1","1","1","農業用及び園芸用機械の製造及び販売","1","2015-08-03 10:14:07",""
"155","1","1","1","農業用機械の製造","1","2015-08-03 10:14:07",""
"156","1","1","1","農業用機械の販売","1","2015-08-03 10:14:07",""
"157","1","1","1","園芸用機械の製造","1","2015-08-03 10:14:07",""
"158","1","1","1","園芸用機械の販売","1","2015-08-03 10:14:07",""
"159","1","1","1","農業用施設および施設工事の設計、施工","1","2015-08-03 10:14:07",""
"160","1","1","1","農業用施設の設計","1","2015-08-03 10:14:07",""
"161","1","1","1","農業用施設の施工","1","2015-08-03 10:14:07",""
"162","1","1","1","施設工事の設計","1","2015-08-03 10:14:07",""
"163","1","1","1","施設工事の施工","1","2015-08-03 10:14:07",""
"164","1","1","1","農業用資材の販売","1","2015-08-03 10:14:07",""
"165","1","1","1","農業用資材の輸入、製造、販売及びそれらの受託","1","2015-08-03 10:14:07",""
"166","1","1","1","農業用資材の輸入","1","2015-08-03 10:14:07",""
"167","1","1","1","農業用資材の製造","1","2015-08-03 10:14:07",""
"168","1","1","1","農業用資材の販売","1","2015-08-03 10:14:07",""
"169","1","1","1","農業用資材の輸入、製造、販売の受託","1","2015-08-03 10:14:07",""
"170","1","1","1","農業用設備機器の設計、製作、施工並びに販売","1","2015-08-03 10:14:07",""
"171","1","1","1","農業用設備機器の設計","1","2015-08-03 10:14:07",""
"172","1","1","1","農業用設備機器の製作","1","2015-08-03 10:14:07",""
"173","1","1","1","農業用設備機器の施工","1","2015-08-03 10:14:07",""
"174","1","1","1","農業用設備機器の販売","1","2015-08-03 10:14:07",""
"175","1","1","1","農業用土壌改良資材の販売及び輸出業務","1","2015-08-03 10:14:07",""
"176","1","1","1","農業用土壌改良資材の販売","1","2015-08-03 10:14:07",""
"177","1","1","1","農業用土壌改良資材の輸出業務","1","2015-08-03 10:14:07",""
"178","1","1","1","農業用肥料原料の輸出入業務及び販売","1","2015-08-03 10:14:07",""
"179","1","1","1","農業用肥料原料の輸出業務","1","2015-08-03 10:14:07",""
"180","1","1","1","農業用肥料原料の輸入業務","1","2015-08-03 10:14:07",""
"181","1","1","1","農業用肥料原料の販売","1","2015-08-03 10:14:07",""
"182","1","1","1","農産物、農業用機器、農薬、肥料等の農業用品の売買、媒介、代理輸出入","1","2015-08-03 10:14:07",""
"183","1","1","1","農産物の売買","1","2015-08-03 10:14:07",""
"184","1","1","1","農産物の媒介","1","2015-08-03 10:14:07",""
"185","1","1","1","農産物の代理輸出","1","2015-08-03 10:14:07",""
"186","1","1","1","農産物の代理輸入","1","2015-08-03 10:14:07",""
"187","1","1","1","農業用機器の売買","1","2015-08-03 10:14:07",""
"188","1","1","1","農業用機器の媒介","1","2015-08-03 10:14:07",""
"189","1","1","1","農業用機器の代理輸出","1","2015-08-03 10:14:07",""
"190","1","1","1","農業用機品の代理輸入","1","2015-08-03 10:14:07",""
"191","1","1","1","農薬の売買","1","2015-08-03 10:14:07",""
"192","1","1","1","農薬の媒介","1","2015-08-03 10:14:07",""
"193","1","1","1","農薬の代理輸出","1","2015-08-03 10:14:07",""
"194","1","1","1","農薬の代理輸入","1","2015-08-03 10:14:07",""
"195","1","1","1","肥料の媒介","1","2015-08-03 10:14:07",""
"196","1","1","1","肥料の代理輸出","1","2015-08-03 10:14:07",""
"197","1","1","1","肥料の代理輸入","1","2015-08-03 10:14:07",""
"198","1","1","1","農薬用展着剤、肥料、農業用不織布製シート及びその加工品の販売","1","2015-08-03 10:14:07",""
"199","1","1","1","農薬用展着剤の販売","1","2015-08-03 10:14:07",""
"200","1","1","1","農業用不織布製シートの販売","1","2015-08-03 10:14:07",""
"201","1","1","1","農薬用展着剤、肥料、農業用不織布製シートの加工品の販売","1","2015-08-03 10:14:07",""
"202","1","1","1","農薬散布器具等の農業関連資材の販売","1","2015-08-03 10:14:07",""
"203","1","1","1","培養土等を主体とする農業、園芸、緑化事業用資材の輸出入及び製造、販売","1","2015-08-03 10:14:07",""
"204","1","1","1","培養土等を主体とする農業用資材の輸出","1","2015-08-03 10:14:07",""
"205","1","1","1","培養土等を主体とする農業用資材の輸入","1","2015-08-03 10:14:07",""
"206","1","1","1","培養土等を主体とする農業用資材の製造","1","2015-08-03 10:14:07",""
"207","1","1","1","培養土等を主体とする農業用資材の販売","1","2015-08-03 10:14:07",""
"208","1","1","1","培養土等を主体とする園芸用資材の輸出","1","2015-08-03 10:14:07",""
"209","1","1","1","培養土等を主体とする園芸用資材の輸入","1","2015-08-03 10:14:07",""
"210","1","1","1","培養土等を主体とする園芸用資材の製造","1","2015-08-03 10:14:07",""
"211","1","1","1","培養土等を主体とする園芸用資材の販売","1","2015-08-03 10:14:07",""
"212","1","1","1","培養土等を主体とする緑化事業用資材の輸出","1","2015-08-03 10:14:07",""
"213","1","1","1","培養土等を主体とする緑化事業用資材の輸入","1","2015-08-03 10:14:07",""
"214","1","1","1","培養土等を主体とする緑化事業用資材の製造","1","2015-08-03 10:14:07",""
"215","1","1","1","培養土等を主体とする緑化事業用資材の販売","1","2015-08-03 10:14:07",""
"216","1","1","1","発電機、農業用・工業用機械、船舶用機械及び上記部品の輸出及び輸入","1","2015-08-03 10:14:07",""
"217","1","1","1","包装用資材、農業用資材等無公害製品の製造、販売","1","2015-08-03 10:14:07",""
"218","1","1","1","薬品、工業薬品、農業薬品の小売販売","1","2015-08-03 10:14:07",""
"219","1","1","1","輸入あるいは現地生産された自動車用、産業用、農業用製品アフターセールス","1","2015-08-03 10:14:07",""
"220","1","1","1","有機農業による農産物の有機検査及びそれらのコンサルタント業務","1","2015-08-03 10:14:07",""
"221","1","1","1","有機農業による農産物の有機検査","1","2015-08-03 10:14:07",""
"222","1","1","1","有機農業による農産物のコンサルタント業務","1","2015-08-03 10:14:07",""
"223","1","1","1","遊技機、ゲーム機器、農業用機械の輸出入及び販売","1","2015-08-03 10:14:07",""
"224","1","1","1","容器、包装資材、農薬、肥料、農業用機器の購入販売","1","2015-08-03 10:14:07",""
"225","1","1","1","養蚕農業","1","2015-08-03 10:14:07",""
"226","1","1","1","園芸農業","1","2015-08-03 10:14:07",""
"227","1","1","1","工業用、農業用及び林業用資材の加工及び販売","1","2015-08-03 10:14:07",""
"228","1","1","1","環境、健康、美容及び農業に関するコンサルティング業務","1","2015-08-03 10:14:07",""
"229","1","1","1","環境、健康、美容及び農業に関する講習会、セミナーの企画及び開催","1","2015-08-03 10:14:07",""
"230","1","1","1","環境、健康及び農業に関するデザインの企画、設計、調査及び研究","1","2015-08-03 10:14:07",""
"231","1","1","1","環境、健康及び農業に関する各種機械器具の研究、開発、製造、販売","1","2015-08-03 10:14:07",""
"232","1","1","1","環境、健康及び農業に関する測定、分析、解析、予測、診断、評価","1","2015-08-03 10:14:07",""
"233","1","1","1","環境、農業及びエネルギーに関する商品の企画、製造、販売、レンタル及びリース","1","2015-08-03 10:14:07",""
"234","1","1","1","肥料、飼料及びそれらの原料並びに農業用資材の販売","1","2015-08-03 10:14:07",""
"235","1","1","1","肥料の原料の販売","1","2015-08-03 10:14:07",""
"236","1","1","1","飼料の原料の販売","1","2015-08-03 10:14:07",""
"237","1","1","1","農業用資材の販売","1","2015-08-03 10:14:07",""
"238","1","1","1","農業に関するイベント及び教室の運営","1","2015-08-03 10:14:07",""
"239","1","1","1","農業に関するイベントの運営","1","2015-08-03 10:14:07",""
"240","1","1","1","農業に関する教室の運営","1","2015-08-03 10:14:07",""
"241","1","1","1","農業に関する人材の育成及び指導","1","2015-08-03 10:14:07",""
"242","1","1","1","農業に関する人材の育成","1","2015-08-03 10:14:07",""
"243","1","1","1","農業に関する人材の指導","1","2015-08-03 10:14:07",""
"244","1","1","1","農業に関する外国人研修生の受入及び養成","1","2015-08-03 10:14:07",""
"245","1","1","1","農業に関する外国人研修生の受入","1","2015-08-03 10:14:07",""
"246","1","1","1","農業に関する外国人研修生の養成","1","2015-08-03 10:14:07",""
"247","1","1","1","農業に関する指導者及び管理者等の派遣及び養成に関する業務","1","2015-08-03 10:14:07",""
"248","1","1","1","農業に関する指導者の派遣","1","2015-08-03 10:14:07",""
"249","1","1","1","農業に関する指導者の養成","1","2015-08-03 10:14:07",""
"250","1","1","1","農業に関する管理者等の派遣","1","2015-08-03 10:14:07",""
"251","1","1","1","農業に関する管理者等の養成","1","2015-08-03 10:14:07",""
"252","1","1","1","農業及び商品開発に関する人材の育成並びにスクールの企画及び運営","1","2015-08-03 10:14:07",""
"253","1","1","1","農業及び林業の経営及び経営相談","1","2015-08-03 10:14:07",""
"254","1","1","1","農業の経営","1","2015-08-03 10:14:07",""
"255","1","1","1","農業の経営相談","1","2015-08-03 10:14:07",""
"256","1","1","1","林業の経営","1","2015-08-03 10:14:07",""
"257","1","1","1","林業の経営相談","1","2015-08-03 10:14:07",""
"258","1","1","1","農業及び牧畜業並びにそれらのコンサルティング","1","2015-08-03 10:14:07",""
"259","1","1","1","農業学校の運営","1","2015-08-03 10:14:07",""
"260","1","1","1","園芸農業","1","2015-08-03 10:14:07",""
"261","1","1","1","工業用農業用ゼオライトを利用する肥料・飼料・乾燥剤の製造販売","1","2015-08-03 10:14:07",""
"262","1","1","1","産業用、農業用、建設用機械器具及び事務機器リース業","1","2015-08-03 10:14:07",""
"263","1","1","1","畜産農業","1","2015-08-03 10:14:07",""
"264","1","1","1","農業及び環境衛生殺虫消毒請負施行","1","2015-08-03 10:14:07",""
"265","1","1","1","農業及び牧場の経営並びに管理","1","2015-08-03 10:14:07",""
"266","1","1","1","農業経営に関するコンサルタント業務","1","2015-08-03 10:14:07",""
"267","1","1","1","農業作業の代行、請負、委託","1","2015-08-03 10:14:07",""
"268","1","1","1","農業作業の代行","1","2015-08-03 10:14:07",""
"269","1","1","1","農業作業の請負","1","2015-08-03 10:14:07",""
"270","1","1","1","農業作業の委託","1","2015-08-03 10:14:07",""
"271","1","1","1","農業生産に要する資材の開発及び販売に関する事業","1","2015-08-03 10:14:07",""
"272","1","1","1","農業生産に要する資材の開発","1","2015-08-03 10:14:07",""
"273","1","1","1","農業生産に要する資材の販売","1","2015-08-03 10:14:07",""
"274","1","1","1","農業用、観賞用昆虫の輸入販売及び育成、研究開発","1","2015-08-03 10:14:07",""
"275","1","1","1","農業用薬品、防疫用薬品、脱臭剤、香料の輸入及び販売","1","2015-08-03 10:14:07",""
"276","1","1","1","牧畜及び農業の経営並びにこれにより生産する物資の加工販売","1","2015-08-03 10:14:07",""
"277","1","1","1","温室栽培農業の経営","1","2015-08-03 10:14:07",""
"278","1","1","1","花卉類の卸及び小売販売","1","2015-08-03 10:14:07",""
"279","1","1","1","花卉類の卸売販売","1","2015-08-03 10:14:07",""
"280","1","1","1","花卉類の小売販売","1","2015-08-03 10:14:07",""
"281","1","1","1","果実，種苗，野菜の栽培，その加工品の販売","1","2015-08-03 10:14:07",""
"282","1","1","1","果実の栽培","1","2015-08-03 10:14:07",""
"283","1","1","1","種苗の栽培","1","2015-08-03 10:14:07",""
"284","1","1","1","野菜の栽培","1","2015-08-03 10:14:07",""
"285","1","1","1","加工品の販売","1","2015-08-03 10:14:07",""
"286","1","1","1","果樹及び蔬菜の生産販売","1","2015-08-03 10:14:07",""
"287","1","1","1","果樹の生産","1","2015-08-03 10:14:07",""
"288","1","1","1","果樹の販売","1","2015-08-03 10:14:07",""
"289","1","1","1","蔬菜の生産","1","2015-08-03 10:14:07",""
"290","1","1","1","蔬菜の販売","1","2015-08-03 10:14:07",""
"291","1","1","1","家畜・家禽の生産物加工及び販売","1","2015-08-03 10:14:07",""
"292","1","1","1","家畜の生産販売","1","2015-08-03 10:14:07",""
"293","1","1","1","穀物の販売","1","2015-08-03 10:14:07",""
"294","1","1","1","細胞融合による新種茸菌の開発，生産及び茸類の種菌の製造，販売","1","2015-08-03 10:14:07",""
"295","1","1","1","細胞融合による新種茸菌の開発","1","2015-08-03 10:14:07",""
"296","1","1","1","細胞融合による新種茸菌の生産","1","2015-08-03 10:14:07",""
"297","1","1","1","茸類の種菌の製造","1","2015-08-03 10:14:07",""
"298","1","1","1","茸類の種菌の販売","1","2015-08-03 10:14:07",""
"299","1","1","1","試験圃場，並びに実験動物畜舎と肥料及び飼料の製造，販売","1","2015-08-03 10:14:07",""
"300","1","1","1","自然農法による野菜果物等の生産及び販売","1","2015-08-03 10:14:07",""
"301","1","1","1","自然農法による野菜の生産","1","2015-08-03 10:14:07",""
"302","1","1","1","自然農法による野菜の販売","1","2015-08-03 10:14:07",""
"303","1","1","1","自然農法による果物の生産","1","2015-08-03 10:14:07",""
"304","1","1","1","自然農法による果物の販売","1","2015-08-03 10:14:07",""
"305","1","1","1","漢方薬の製造販売及び輸出入","1","2015-08-03 10:14:07",""
"306","1","1","1","酵母菌，分解菌，放線菌等バクテリアの研究開発及び培養並びに販売","1","2015-08-03 10:14:07",""
"307","1","1","1","酵母菌の研究開発","1","2015-08-03 10:14:07",""
"308","1","1","1","酵母菌の培養","1","2015-08-03 10:14:07",""
"309","1","1","1","酵母菌の販売","1","2015-08-03 10:14:07",""
"310","1","1","1","分解菌の研究開発","1","2015-08-03 10:14:07",""
"311","1","1","1","分解菌の培養","1","2015-08-03 10:14:07",""
"312","1","1","1","分解菌の販売","1","2015-08-03 10:14:07",""
"313","1","1","1","放線菌の研究開発","1","2015-08-03 10:14:07",""
"314","1","1","1","法線菌の培養","1","2015-08-03 10:14:07",""
"315","1","1","1","法線菌の販売","1","2015-08-03 10:14:07",""
"316","1","1","1","種菌菌体飼料の製造販売","1","2015-08-03 10:14:07",""
"317","1","1","1","生薬の栽培，集荷加工販売","1","2015-08-03 10:14:07",""
"318","1","1","1","生薬の栽培","1","2015-08-03 10:14:07",""
"319","1","1","1","生薬の集荷加工販売","1","2015-08-03 10:14:07",""
"320","1","1","1","園芸，菜園用菌体有機物の製造，販売","1","2015-08-03 10:14:07",""
"321","1","1","1","園芸用菌体有機物の製造","1","2015-08-03 10:14:07",""
"322","1","1","1","園芸用菌体有機物の販売","1","2015-08-03 10:14:07",""
"323","1","1","1","菜園用菌体有機物の製造","1","2015-08-03 10:14:07",""
"324","1","1","1","菜園用菌体有機物の販売","1","2015-08-03 10:14:07",""
"325","1","1","1","園芸サービス業","1","2015-08-03 10:14:07",""
"326","1","1","1","園芸用樹木，草木類及び農産物のバイオテクノロジーによる栽培の研究開発","1","2015-08-03 10:14:07",""
"327","1","1","1","園芸用樹木のバイオテクノロジーによる栽培の研究開発","1","2015-08-03 10:14:07",""
"328","1","1","1","園芸用草木のバイオテクノロジーによる栽培の研究開発","1","2015-08-03 10:14:07",""
"329","1","1","1","農産物のバイオテクノロジーによる栽培の研究開発","1","2015-08-03 10:14:07",""
"330","1","1","1","生物活性剤による農産品，土壌，水質，生体機能の改善研究","1","2015-08-03 10:14:07",""
"331","1","1","1","とう精及び米の販売","1","2015-08-03 10:14:07",""
"332","1","1","1","とう精の販売","1","2015-08-03 10:14:07",""
"333","1","1","1","米の販売","1","2015-08-03 10:14:07",""
"334","1","1","1","動植物のディーエヌエーの分析技術の研究開発，その受託，輸入","1","2015-08-03 10:14:07",""
"335","1","1","1","乳牛，肉牛その他動物の飼育及び売買","1","2015-08-03 10:14:07",""
"336","1","1","1","バイオテクノロジーによる種，苗の生産及び販売","1","2015-08-03 10:14:07",""
"337","1","1","1","バイオテクノロジーによる種の生産","1","2015-08-03 10:14:07",""
"338","1","1","1","バイオテクノロジーによる種の販売","1","2015-08-03 10:14:07",""
"339","1","1","1","バイオテクノロジーによる苗の生産","1","2015-08-03 10:14:07",""
"340","1","1","1","バイオテクノロジーによる苗の販売","1","2015-08-03 10:14:07",""
"341","1","1","1","培養土，腐植土の生産，加工，販売","1","2015-08-03 10:14:07",""
"342","1","1","1","培養土の生産","1","2015-08-03 10:14:07",""
"343","1","1","1","培養土の加工","1","2015-08-03 10:14:07",""
"344","1","1","1","培養土の販売","1","2015-08-03 10:14:07",""
"345","1","1","1","腐植土の生産","1","2015-08-03 10:14:07",""
"346","1","1","1","腐植土の加工","1","2015-08-03 10:14:07",""
"347","1","1","1","腐植土の販売","1","2015-08-03 10:14:07",""
"348","1","1","1","発酵堆肥の製造","1","2015-08-03 10:14:07",""
"349","1","1","1","微生物製剤の製造，販売","1","2015-08-03 10:14:07",""
"350","1","1","1","牧畜及び農業の経営並びにこれにより生産する物資の加工販売","1","2015-08-03 10:14:07",""
"351","1","1","1","水草，雑草の管理","1","2015-08-03 10:14:07",""
"352","1","1","1","水草の管理","1","2015-08-03 10:14:07",""
"353","1","1","1","雑草の管理","1","2015-08-03 10:14:07",""
"354","1","1","1","無農薬野菜の栽培及び加工","1","2015-08-03 10:14:07",""
"355","1","1","1","無農薬野菜の栽培","1","2015-08-03 10:14:07",""
"356","1","1","1","無農薬野菜の加工","1","2015-08-03 10:14:07",""
"357","1","1","1","薬草の栽培及び輸出入，販売","1","2015-08-03 10:14:07",""
"358","1","1","1","薬草の栽培","1","2015-08-03 10:14:07",""
"359","1","1","1","薬草の輸出","1","2015-08-03 10:14:07",""
"360","1","1","1","薬草の輸入","1","2015-08-03 10:14:07",""
"361","1","1","1","薬草の販売","1","2015-08-03 10:14:07",""
"362","1","1","1","優良競走馬の生産，販売","1","2015-08-03 10:14:07",""
"363","1","1","1","養液栽培システムの設計，組立工事","1","2015-08-03 10:14:07",""
"364","1","1","1","養液栽培システムの設計","1","2015-08-03 10:14:07",""
"365","1","1","1","養液栽培システムの組立工事","1","2015-08-03 10:14:07",""
"366","1","1","1","養鶏業","1","2015-08-03 10:14:07",""
"367","1","1","1","養蚕農業","1","2015-08-03 10:14:07",""
"368","1","1","2","養蚕農業","1","2015-08-03 10:14:07",""
"369","1","1","3","畜産、養鶏飼料添加物の製造、加工","1","2015-08-03 10:14:07",""
"370","1","1","3","畜産飼料添加物の製造","1","2015-08-03 10:14:07",""
"371","1","1","3","畜産飼料添加物の加工","1","2015-08-03 10:14:07",""
"372","1","1","3","養鶏飼料添加物の製造","1","2015-08-03 10:14:07",""
"373","1","1","3","養鶏飼料添加物の加工","1","2015-08-03 10:14:07",""
"374","1","1","3","養鶏業","1","2015-08-03 10:14:07",""
"375","1","1","3","養鶏業の経営","1","2015-08-03 10:14:07",""
"376","1","1","4","農業サービス業","1","2015-08-03 10:14:07",""
"377","1","2","5","日用品雑貨・食料品の販売および花弄・観葉植物の栽培、販売、ガーデニング等の園芸サービス業","1","2015-08-03 10:14:07",""
"378","1","2","5","植木・庭木の刈り込みなどの園芸サービスを提供する事業","1","2015-08-03 10:14:07",""
"379","1","2","5","植木の刈り込み","1","2015-08-03 10:14:07",""
"380","1","2","5","庭木の刈り込み","1","2015-08-03 10:14:07",""
"381","1","2","6","アウトドア、インテリア、ファッション、林業、及び特許に関する知識の、教室業","1","2015-08-03 10:14:07",""
"382","1","2","6","ユーカリ、アカシアなどの広葉樹木類の受託植林業務","1","2015-08-03 10:14:07",""
"383","1","2","6","ユーカリの受託植林業務","1","2015-08-03 10:14:07",""
"384","1","2","6","アカシアの受託植林業務","1","2015-08-03 10:14:07",""
"385","1","2","6","林業機械、農業機械に関する輸出入及び販売業","1","2015-08-03 10:14:07",""
"386","1","2","6","林業機械に関する輸出","1","2015-08-03 10:14:07",""
"387","1","2","6","林業機械に関する輸入","1","2015-08-03 10:14:07",""
"388","1","2","6","林業機械に関する販売","1","2015-08-03 10:14:07",""
"389","1","2","6","農業機械に関する輸出","1","2015-08-03 10:14:07",""
"390","1","2","6","農業機械に関する輸入","1","2015-08-03 10:14:07",""
"391","1","2","6","農業機械に関する販売","1","2015-08-03 10:14:07",""
"392","1","2","6","植林業","1","2015-08-03 10:14:07",""
"393","1","2","6","造林業","1","2015-08-03 10:14:07",""
"394","1","2","6","造林業の経営","1","2015-08-03 10:14:07",""
"395","1","2","6","土木、建築、電気、機械、農業、林業、地質、鉱業、都市に関する建設コンサルタント業","1","2015-08-03 10:14:07",""
"396","1","2","6","林業","1","2015-08-03 10:14:07",""
"397","1","2","6","林業・水産業および鉱業","1","2015-08-03 10:14:07",""
"398","1","2","6","林業、製材業、木材加工業","1","2015-08-03 10:14:07",""
"399","1","2","6","林業","1","2015-08-03 10:14:07",""
"400","1","2","6","製材業","1","2015-08-03 10:14:07",""
"401","1","2","6","木材加工業","1","2015-08-03 10:14:07",""
"402","1","2","6","林業および木材その他農林水産物の売買業","1","2015-08-03 10:14:07",""
"403","1","2","6","林業並びに山林管理業務の受託及び請負","1","2015-08-03 10:14:07",""
"404","1","2","6","林業の受託","1","2015-08-03 10:14:07",""
"405","1","2","6","林業の請負","1","2015-08-03 10:14:07",""
"406","1","2","6","山林管理業務の受託","1","2015-08-03 10:14:07",""
"407","1","2","6","山林管理業務の請負","1","2015-08-03 10:14:07",""
"408","1","2","6","前号物品の開発、探鉱、生産、製造・加工、廃棄・再生処理業","1","2015-08-03 10:14:07",""
"409","1","2","6","工業用、農業用、林業用等の合成ゴム及び合成樹脂の加工及び販売","1","2015-08-03 10:14:07",""
"410","1","2","6","工業用、農業用及び林業用資材の加工及び販売","1","2015-08-03 10:14:07",""
"411","1","2","6","水産・農業・林業分野における金属ミネラル栄養素の使用及び応用開発","1","2015-08-03 10:14:07",""
"412","1","2","6","農業、林業及び漁業並びに食品に関するコンサルティング","1","2015-08-03 10:14:07",""
"413","1","2","6","農業、林業及び畜産業並びに食品に関するコンサルティング","1","2015-08-03 10:14:07",""
"414","1","2","6","農業及び林業の経営及び経営相談","1","2015-08-03 10:14:07",""
"415","1","2","6","農業の経営","1","2015-08-03 10:14:07",""
"416","1","2","6","農業の経営相談","1","2015-08-03 10:14:07",""
"417","1","2","6","林業の経営","1","2015-08-03 10:14:07",""
"418","1","2","6","林業の経営相談","1","2015-08-03 10:14:07",""
"419","1","2","6","山林の管理運営（育林業又は山林の経営）","1","2015-08-03 10:14:07",""
"420","1","2","6","山林の管理運営（育林業）","1","2015-08-03 10:14:07",""
"421","1","2","6","山林の管理運営（山林の経営）","1","2015-08-03 10:14:07",""
"422","1","2","6","土木建築用、農園芸用、林業用、畜産用並びに漁業用の各種資材の売買","1","2015-08-03 10:14:07",""
"423","1","2","6","農業、林業、園芸業用機械製品及び部品の輸出入並びに販売","1","2015-08-03 10:14:07",""
"424","1","2","6","農業用機械製品の輸出","1","2015-08-03 10:14:07",""
"425","1","2","6","農業用機械製品の輸入","1","2015-08-03 10:14:07",""
"426","1","2","6","農業用機械製品の販売","1","2015-08-03 10:14:07",""
"427","1","2","6","農業用機械部品の輸出","1","2015-08-03 10:14:07",""
"428","1","2","6","農業用機械部品の輸入","1","2015-08-03 10:14:07",""
"429","1","2","6","農業用機械部品の販売","1","2015-08-03 10:14:07",""
"430","1","2","6","林業用機械製品の輸出","1","2015-08-03 10:14:07",""
"431","1","2","6","林業用機械製品の輸入","1","2015-08-03 10:14:07",""
"432","1","2","6","林業用機械製品の販売","1","2015-08-03 10:14:07",""
"433","1","2","6","林業用機械部品の輸出","1","2015-08-03 10:14:07",""
"434","1","2","6","林業用機械部品の輸入","1","2015-08-03 10:14:07",""
"435","1","2","6","林業用機械部品の販売","1","2015-08-03 10:14:07",""
"436","1","2","6","園芸用機械製品の輸出","1","2015-08-03 10:14:07",""
"437","1","2","6","園芸用機械製品の輸入","1","2015-08-03 10:14:07",""
"438","1","2","6","園芸用機械製品の販売","1","2015-08-03 10:14:07",""
"439","1","2","6","園芸用機械部品の輸出","1","2015-08-03 10:14:07",""
"440","1","2","6","園芸用機械部品の輸入","1","2015-08-03 10:14:07",""
"441","1","2","6","園芸用機械部品の販売","1","2015-08-03 10:14:07",""
"442","1","2","6","農業、林業、水産業、畜産業及び鉱業","1","2015-08-03 10:14:07",""
"443","1","2","6","農業用・林業用機械工具、器具、部品の販売","1","2015-08-03 10:14:07",""
"444","1","2","6","農業用機械工具の販売","1","2015-08-03 10:14:07",""
"445","1","2","6","農業用機械器具の販売","1","2015-08-03 10:14:07",""
"446","1","2","6","林業用機械工具の販売","1","2015-08-03 10:14:07",""
"447","1","2","6","林業用機械器具の販売","1","2015-08-03 10:14:07",""
"448","1","2","6","農林業・造園・緑化用の肥料、土壌改良材の製造の事業","1","2015-08-03 10:14:07",""
"449","1","2","6","農林業の肥料の製造","1","2015-08-03 10:14:07",""
"450","1","2","6","造園の肥料の製造","1","2015-08-03 10:14:07",""
"451","1","2","6","緑化用の肥料の製造","1","2015-08-03 10:14:07",""
"452","1","2","6","土壌改良材の製造","1","2015-08-03 10:14:07",""
"453","1","2","6","林業、製材業、木材加工業","1","2015-08-03 10:14:07",""
"454","1","2","6","林業及び木材その他農林水産物の売買業","1","2015-08-03 10:14:07",""
"455","1","2","6","木材その他農林水産物の売買","1","2015-08-03 10:14:07",""
"456","1","2","6","林業並びに山林管理業務の受託及び請負","1","2015-08-03 10:14:07",""
"457","1","2","6","農業、林業、水産業、畜産業及び鉱業","1","2015-08-03 10:14:07",""
"458","1","2","6","温室効果ガス排出権の売買及び仲介並びに植林業","1","2015-08-03 10:14:07",""
"459","1","2","6","植林、伐採その他の山林業、製材業、木材加工業","1","2015-08-03 10:14:07",""
"460","1","2","6","植林","1","2015-08-03 10:14:07",""
"461","1","2","6","伐採","1","2015-08-03 10:14:07",""
"462","1","2","6","その他の山林業","1","2015-08-03 10:14:07",""
"463","1","2","6","林業ならびに蔬菜類の生産，加工，販売","1","2015-08-03 10:14:07",""
"464","1","2","6","蔬菜類の生産","1","2015-08-03 10:14:07",""
"465","1","2","6","蔬菜類の加工","1","2015-08-03 10:14:07",""
"466","1","2","6","蔬菜類の販売","1","2015-08-03 10:14:07",""
"467","1","2","6","温室効果ガス排出権の売買及び仲介並びに植林業","1","2015-08-03 10:14:07",""
"468","1","2","6","山林業、製材業、木材加工業","1","2015-08-03 10:14:07",""
"469","1","2","6","山林業","1","2015-08-03 10:14:07",""
"470","1","2","6","前号物品の開発、探鉱、生産、製造・加工、廃棄・再生処理業","1","2015-08-03 10:14:07",""
"471","1","2","6","請負による炭焼、山番などの林業に附帯する業務","1","2015-08-03 10:14:07",""
"472","1","2","6","請負による炭焼","1","2015-08-03 10:14:07",""
"473","1","2","6","請負による山番","1","2015-08-03 10:14:07",""
"474","1","2","6","農園芸用、林業用、畜産用並びに漁業用の各種資材の売買","1","2015-08-03 10:14:07",""
"475","1","2","6","農業用・林業用機械工具、器具、部品の販売","1","2015-08-03 10:14:07",""
"476","1","2","6","農業、林業、園芸業用機械製品の輸出入並びに販売","1","2015-08-03 10:14:07",""
"477","1","2","6","保養地等の周辺環境の保全育成のための植林・育林・伐採業務","1","2015-08-03 10:14:07",""
"478","1","2","6","保養地等の周辺環境の保全育成のための植林","1","2015-08-03 10:14:07",""
"479","1","2","6","保養地等の周辺環境の保全育成のための育林","1","2015-08-03 10:14:07",""
"480","1","2","6","保養地等の周辺環境の保全育成のための伐採業務","1","2015-08-03 10:14:07",""
"481","1","2","6","林業及び木材製材の加工販売","1","2015-08-03 10:14:07",""
"482","1","2","6","木材製材の加工販売","1","2015-08-03 10:14:07",""
"483","1","2","6","園芸品，園芸資材並びに園芸添加剤の売買","1","2015-08-03 10:14:07",""
"484","1","2","6","園芸品の売買","1","2015-08-03 10:14:07",""
"485","1","2","6","園芸資材の売買","1","2015-08-03 10:14:07",""
"486","1","2","6","園芸添加剤の売買","1","2015-08-03 10:14:07",""
"487","1","2","6","園芸用樹木，草木類及び園芸用材料の生産及び販売","1","2015-08-03 10:14:07",""
"488","1","2","6","園芸用樹木の生産","1","2015-08-03 10:14:07",""
"489","1","2","6","園芸用樹木の販売","1","2015-08-03 10:14:07",""
"490","1","2","6","園芸用草木の生産","1","2015-08-03 10:14:07",""
"491","1","2","6","園芸用草木の販売","1","2015-08-03 10:14:07",""
"492","1","2","6","園芸用材料の生産","1","2015-08-03 10:14:07",""
"493","1","2","6","園芸用材料の販売","1","2015-08-03 10:14:07",""
"494","1","2","6","材木等林産品の生産・加工・販売","1","2015-08-03 10:14:07",""
"495","1","2","6","材木等林産品の生産","1","2015-08-03 10:14:07",""
"496","1","2","6","材木等林産品の加工","1","2015-08-03 10:14:07",""
"497","1","2","6","材木等林産品の販売","1","2015-08-03 10:14:07",""
"498","1","2","6","山林の管理及び運営","1","2015-08-03 10:14:07",""
"499","1","2","6","山林の管理","1","2015-08-03 10:14:07",""
"500","1","2","6","山林の運営","1","2015-08-03 10:14:07",""
"501","1","2","6","植物成長促進液等の輸出及び国内販売","1","2015-08-03 10:14:07",""
"502","1","2","6","植物成長促進液等の輸出","1","2015-08-03 10:14:07",""
"503","1","2","6","植物成長促進液等の国内販売","1","2015-08-03 10:14:07",""
"504","1","2","6","植物の組織培養技術の研究開発","1","2015-08-03 10:14:07",""
"505","1","2","6","植物バイオテクノロジー生産物の育成及び販売","1","2015-08-03 10:14:07",""
"506","1","2","6","植物バイオテクノロジー生産物の育成","1","2015-08-03 10:14:07",""
"507","1","2","6","植物バイオテクノロジー生産物の販売","1","2015-08-03 10:14:07",""
"508","1","2","6","植林に関する事業","1","2015-08-03 10:14:07",""
"509","1","2","6","製薪業・木炭製造業","1","2015-08-03 10:14:07",""
"510","1","2","6","製薪業","1","2015-08-03 10:14:07",""
"511","1","2","6","木炭製造業","1","2015-08-03 10:14:07",""
"512","1","2","6","生花の各種アレンジメントの販売","1","2015-08-03 10:14:07",""
"513","1","2","6","生花の販売","1","2015-08-03 10:14:07",""
"514","1","2","6","竹炭木炭の製造販売及び製炭炉の開発，製造，販売","1","2015-08-03 10:14:07",""
"515","1","2","6","竹炭の製造","1","2015-08-03 10:14:07",""
"516","1","2","6","木炭の製造","1","2015-08-03 10:14:07",""
"517","1","2","6","竹炭の販売","1","2015-08-03 10:14:07",""
"518","1","2","6","木炭の販売","1","2015-08-03 10:14:07",""
"519","1","2","6","製炭炉の開発","1","2015-08-03 10:14:07",""
"520","1","2","6","製炭炉の製造","1","2015-08-03 10:14:07",""
"521","1","2","6","製炭炉の販売","1","2015-08-03 10:14:07",""
"522","1","2","6","農林水畜産品の加工","1","2015-08-03 10:14:07",""
"523","1","2","6","農林地の維持又は取得と農産並びに林産事業の経営","1","2015-08-03 10:14:07",""
"524","1","2","6","農林地の維持","1","2015-08-03 10:14:07",""
"525","1","2","6","農林地の取得","1","2015-08-03 10:14:07",""
"526","1","2","6","農産事業の経営","1","2015-08-03 10:14:07",""
"527","1","2","6","林産事業の経営","1","2015-08-03 10:14:07",""
"528","1","2","6","パルプ材生産業，くい，丸太生産業","1","2015-08-03 10:14:07",""
"529","1","2","6","パルプ材生産業","1","2015-08-03 10:14:07",""
"530","1","2","6","くい","1","2015-08-03 10:14:07",""
"531","1","2","6","丸太生産業","1","2015-08-03 10:14:07",""
"532","1","2","6","非木材紙用原料（ケナフ）の栽培及び栽培指導","1","2015-08-03 10:14:07",""
"533","1","2","6","非木材紙用原料（ケナフ）の栽培","1","2015-08-03 10:14:07",""
"534","1","2","6","非木材紙用原料（ケナフ）の栽培指導","1","2015-08-03 10:14:07",""
"535","1","2","7","育林業務","1","2015-08-03 10:14:07",""
"536","1","2","7","土木・建築用資材の販売及びその仲介、斡旋並びに賃貸","1","2015-08-03 10:14:07",""
"537","1","2","7","土木・建築用資材の販売","1","2015-08-03 10:14:07",""
"538","1","2","7","土木・建築用資材の販売の仲介","1","2015-08-03 10:14:07",""
"539","1","2","7","土木・建築用資材の斡旋","1","2015-08-03 10:14:07",""
"540","1","2","7","土木・建築用資材の賃貸","1","2015-08-03 10:14:07",""
"541","1","2","7","土木・建築用資材の輸出入と育林請負業、木材伐出請負業","1","2015-08-03 10:14:07",""
"542","1","2","7","土木用資材の輸出","1","2015-08-03 10:14:07",""
"543","1","2","7","土木用資材の輸入","1","2015-08-03 10:14:07",""
"544","1","2","7","建築用資材の輸出","1","2015-08-03 10:14:07",""
"545","1","2","7","建築用資材の輸入","1","2015-08-03 10:14:07",""
"546","1","2","7","育林請負業","1","2015-08-03 10:14:07",""
"547","1","2","7","木材伐出請負業","1","2015-08-03 10:14:07",""
"548","1","2","7","山林の管理運営（育林業又は山林の経営）","1","2015-08-03 10:14:07",""
"549","1","2","7","山林の管理運営（育林業）","1","2015-08-03 10:14:07",""
"550","1","2","7","山林の管理運営（山林の経営）","1","2015-08-03 10:14:07",""
"551","1","2","7","林業及び保養地等の周辺環境の保全育成のための植林・育林・伐採業務","1","2015-08-03 10:14:07",""
"552","1","2","7","林業","1","2015-08-03 10:14:07",""
"553","1","2","7","保養地等の周辺環境の保全育成のための植林","1","2015-08-03 10:14:07",""
"554","1","2","7","保養地等の周辺環境の保全育成のための育林","1","2015-08-03 10:14:07",""
"555","1","2","7","保養地等の周辺環境の保全育成のための伐採","1","2015-08-03 10:14:07",""
"556","1","2","8","製薪業・木炭製造業","1","2015-08-03 10:14:07",""
"557","1","2","8","製薪業","1","2015-08-03 10:14:07",""
"558","1","2","8","木炭製造業","1","2015-08-03 10:14:07",""
"559","2","3","9","かつお・まぐろ漁業","1","2015-08-03 10:14:07",""
"560","2","3","9","かつお漁業","1","2015-08-03 10:14:07",""
"561","2","3","9","まぐろ漁業","1","2015-08-03 10:14:07",""
"562","2","3","9","遠洋漁業","1","2015-08-03 10:14:07",""
"563","2","3","9","漁業","1","2015-08-03 10:14:07",""
"564","2","3","9","漁業の受託運営並びに管理","1","2015-08-03 10:14:07",""
"565","2","3","9","漁業の受託運営","1","2015-08-03 10:14:07",""
"566","2","3","9","漁業の管理","1","2015-08-03 10:14:07",""
"567","2","3","9","漁業及びその加工品の販売並びに輸出入","1","2015-08-03 10:14:07",""
"568","2","3","9","加工品の販売","1","2015-08-03 10:14:07",""
"569","2","3","9","加工品の輸出","1","2015-08-03 10:14:07",""
"570","2","3","9","加工品の輸入","1","2015-08-03 10:14:07",""
"571","2","3","9","漁業並びに漁獲物運搬業","1","2015-08-03 10:14:07",""
"572","2","3","9","漁獲物運搬業","1","2015-08-03 10:14:07",""
"573","2","3","9","漁業用の船舶並びに資材の輸出入及び販売","1","2015-08-03 10:14:07",""
"574","2","3","9","漁業用の船舶の輸出","1","2015-08-03 10:14:07",""
"575","2","3","9","漁業用の船舶の輸入","1","2015-08-03 10:14:07",""
"576","2","3","9","漁業用の船舶の販売","1","2015-08-03 10:14:07",""
"577","2","3","9","漁業用の資材の輸出","1","2015-08-03 10:14:07",""
"578","2","3","9","漁業用の資材の輸入","1","2015-08-03 10:14:07",""
"579","2","3","9","漁業用の資材の販売","1","2015-08-03 10:14:07",""
"580","2","3","9","刺網漁業","1","2015-08-03 10:14:07",""
"581","2","3","9","農林漁業用機械器具の売買、輸出入、代理および仲立の事業","1","2015-08-03 10:14:07",""
"582","2","3","9","船具、船舶荷役資材、漁業用品及び船用雑貨品の販売","1","2015-08-03 10:14:07",""
"583","2","3","9","船具の販売","1","2015-08-03 10:14:07",""
"584","2","3","9","船舶荷役資材の販売","1","2015-08-03 10:14:07",""
"585","2","3","9","漁業用品の販売","1","2015-08-03 10:14:07",""
"586","2","3","9","船用雑貨品の販売","1","2015-08-03 10:14:07",""
"587","2","3","9","船舶装備部品，船具，漁業用品の販売","1","2015-08-03 10:14:07",""
"588","2","3","9","船舶装備部品の販売","1","2015-08-03 10:14:07",""
"589","2","3","9","船舶装備部品、船具、漁業用品の販売及び購入取次業","1","2015-08-03 10:14:07",""
"590","2","3","9","船舶装備部品の購入取次","1","2015-08-03 10:14:07",""
"591","2","3","9","船具の購入取次","1","2015-08-03 10:14:07",""
"592","2","3","9","漁業用品の購入取次","1","2015-08-03 10:14:07",""
"593","2","3","9","船舶用機械、漁業用資材の輸出入及び売買","1","2015-08-03 10:14:07",""
"594","2","3","9","船舶用機械の輸出","1","2015-08-03 10:14:07",""
"595","2","3","9","船舶用機械の輸入","1","2015-08-03 10:14:07",""
"596","2","3","9","船舶用機械の売買","1","2015-08-03 10:14:07",""
"597","2","3","9","漁業用資材の輸出","1","2015-08-03 10:14:07",""
"598","2","3","9","漁業用資材の輸入","1","2015-08-03 10:14:07",""
"599","2","3","9","漁業用資材の売買","1","2015-08-03 10:14:07",""
"600","2","3","9","定置網漁業","1","2015-08-03 10:14:07",""
"601","2","3","9","定置網漁業の調査及び海洋資源の調査、開発","1","2015-08-03 10:14:07",""
"602","2","3","9","定置網漁業の調査及び海洋資源の調査開発","1","2015-08-03 10:14:07",""
"603","2","3","9","底置網漁業","1","2015-08-03 10:14:07",""
"604","2","3","9","敷網漁業","1","2015-08-03 10:14:07",""
"605","2","3","9","児童又は青少年に対する農林漁業に関する高度教育及び人材育成支援事業","1","2015-08-03 10:14:07",""
"606","2","3","9","農林漁業の活性化のための技術革新及び事業モデル構築支援事業","1","2015-08-03 10:14:07",""
"607","2","3","9","農林漁業体験民宿業","1","2015-08-03 10:14:07",""
"608","2","3","9","農業、林業及び漁業","1","2015-08-03 10:14:07",""
"609","2","3","9","農業、林業及び漁業に関する事業に関するコンサルティング","1","2015-08-03 10:14:07",""
"610","2","3","9","まき網漁業","1","2015-08-03 10:14:07",""
"611","2","3","9","汽船トロール漁業、機船底曳漁業、捕鯨業","1","2015-08-03 10:14:07",""
"612","2","3","9","汽船トロール漁業","1","2015-08-03 10:14:07",""
"613","2","3","9","機船底曳漁業","1","2015-08-03 10:14:07",""
"614","2","3","9","捕鯨業","1","2015-08-03 10:14:07",""
"615","2","3","9","汽船トロール漁業、汽船底曳漁業、捕鯨業","1","2015-08-03 10:14:07",""
"616","2","3","9","漁業用機械器具に関する製造加工業、輸出入業、売買業","1","2015-08-03 10:14:07",""
"617","2","3","9","漁業用機械器具に関する製造加工業","1","2015-08-03 10:14:07",""
"618","2","3","9","漁業用機械器具に関する輸出業","1","2015-08-03 10:14:07",""
"619","2","3","9","漁業用機械器具に関する輸入業","1","2015-08-03 10:14:07",""
"620","2","3","9","漁業用機械器具に関する売買業","1","2015-08-03 10:14:07",""
"621","2","3","9","金属部品、漁業用機材の販売及び輸出入","1","2015-08-03 10:14:07",""
"622","2","3","9","刺網漁業","1","2015-08-03 10:14:07",""
"623","2","3","9","資源管理型漁業の推進に必要な漁具及び漁法技術の開発","1","2015-08-03 10:14:07",""
"624","2","3","9","資源管理型漁業の推進に必要な漁具の開発","1","2015-08-03 10:14:07",""
"625","2","3","9","資源管理型漁業の推進に必要な漁法技術の開発","1","2015-08-03 10:14:07",""
"626","2","3","9","船具、船舶荷役資材、漁業用品及び船用雑貨品の販売","1","2015-08-03 10:14:07",""
"627","2","3","9","船舶装備部品、船具、漁業用品の販売及び購入取次業","1","2015-08-03 10:14:07",""
"628","2","3","9","地びき網、船びき網漁業","1","2015-08-03 10:14:07",""
"629","2","3","9","地びき網","1","2015-08-03 10:14:07",""
"630","2","3","9","船びき網漁業","1","2015-08-03 10:14:07",""
"631","2","3","9","釣・はえ縄網漁業","1","2015-08-03 10:14:07",""
"632","2","3","9","釣漁業","1","2015-08-03 10:14:07",""
"633","2","3","9","はえ縄網漁業","1","2015-08-03 10:14:07",""
"634","2","3","9","定置網漁業","1","2015-08-03 10:14:07",""
"635","2","3","9","定置網漁業の調査及び海洋資源の調査、開発","1","2015-08-03 10:14:07",""
"636","2","3","9","底置網漁業","1","2015-08-03 10:14:07",""
"637","2","3","9","農園芸用、林業用、畜産用並びに漁業用の各種資材の売買","1","2015-08-03 10:14:07",""
"638","2","3","9","内水面漁業、一般海面漁業並びに魚介類の増養殖に関する事業","1","2015-08-03 10:14:07",""
"639","2","3","9","内水面漁業","1","2015-08-03 10:14:07",""
"640","2","3","9","一般海面漁業","1","2015-08-03 10:14:07",""
"641","2","3","9","魚介類の増養殖","1","2015-08-03 10:14:07",""
"642","2","3","9","農、漁業生産品の加工販売","1","2015-08-03 10:14:07",""
"643","2","3","9","敷網漁業","1","2015-08-03 10:14:07",""
"644","2","3","9","遠洋漁業","1","2015-08-03 10:14:07",""
"645","2","3","9","農林漁業用機械器具の企画、製造、販売、修理並びにリース","1","2015-08-03 10:14:07",""
"646","2","3","9","船具、船舶荷役資材、漁業用品及び船用雑貨品の販売","1","2015-08-03 10:14:07",""
"647","2","3","9","船舶装備部品、船具、漁業用品の販売","1","2015-08-03 10:14:07",""
"648","2","3","9","農、漁業生産品の加工販売","1","2015-08-03 10:14:07",""
"649","2","3","9","内水面漁業、一般海面漁業並びに魚介類の増養殖に関する事業","1","2015-08-03 10:14:07",""
"650","2","3","9","金属部品、漁業用機材の販売及び輸出入","1","2015-08-03 10:14:07",""
"651","2","3","9","漁業ならびに水産物の輸出入及び加工，販売","1","2015-08-03 10:14:07",""
"652","2","3","9","水産物の輸出","1","2015-08-03 10:14:07",""
"653","2","3","9","水産物の輸入","1","2015-08-03 10:14:07",""
"654","2","3","9","水産物の加工","1","2015-08-03 10:14:07",""
"655","2","3","9","水産物の販売","1","2015-08-03 10:14:07",""
"656","2","3","9","水産業，漁業用機械設備並びに船舶の製造，修繕及び売買","1","2015-08-03 10:14:07",""
"657","2","3","9","水産業用機械設備の製造","1","2015-08-03 10:14:07",""
"658","2","3","9","水産業用機械設備の修繕","1","2015-08-03 10:14:07",""
"659","2","3","9","水産業用機械設備の売買","1","2015-08-03 10:14:07",""
"660","2","3","9","漁業用機械設備の製造","1","2015-08-03 10:14:07",""
"661","2","3","9","漁業用機械設備の修繕","1","2015-08-03 10:14:07",""
"662","2","3","9","漁業用機械設備の売買","1","2015-08-03 10:14:07",""
"663","2","3","9","船舶の製造","1","2015-08-03 10:14:07",""
"664","2","3","9","船舶の修繕","1","2015-08-03 10:14:07",""
"665","2","3","9","船舶の売買","1","2015-08-03 10:14:07",""
"666","2","3","9","赤貝養殖業","1","2015-08-03 10:14:07",""
"667","2","3","9","海女による採貝、昆布・わかめ・海苔の採藻及び販売","1","2015-08-03 10:14:07",""
"668","2","3","9","海女による採貝","1","2015-08-03 10:14:07",""
"669","2","3","9","海女による昆布の採藻","1","2015-08-03 10:14:07",""
"670","2","3","9","海女による昆布の販売","1","2015-08-03 10:14:07",""
"671","2","3","9","海女によるわかめの採藻","1","2015-08-03 10:14:07",""
"672","2","3","9","海女によるわかめの販売","1","2015-08-03 10:14:07",""
"673","2","3","9","海女による海苔の採藻","1","2015-08-03 10:14:07",""
"674","2","3","9","海女による海苔の販売","1","2015-08-03 10:14:07",""
"675","2","3","9","うなぎの養殖","1","2015-08-03 10:14:07",""
"676","2","3","9","沖合人工島整備事業","1","2015-08-03 10:14:07",""
"677","2","3","9","観賞用こい、錦鯉、金魚類の養殖","1","2015-08-03 10:14:07",""
"678","2","3","9","ルアー又はフライ釣り用に供するティラピアの養殖","1","2015-08-03 10:14:07",""
"679","2","3","9","魚介類、水産物の養殖及びそのコンサルタント業","1","2015-08-03 10:14:07",""
"680","2","3","9","魚介類の養殖事業及び販売","1","2015-08-03 10:14:07",""
"681","2","3","9","魚介類の販売","1","2015-08-03 10:14:07",""
"682","2","3","9","真珠の養殖","1","2015-08-03 10:14:07",""
"683","2","3","9","真珠母貝より稚貝を採苗し養殖し真珠の採取及び販売","1","2015-08-03 10:14:07",""
"684","2","3","9","底びき網漁具をえい航して行う小型機船底びき網漁","1","2015-08-03 10:14:07",""
"685","2","3","9","淡水真珠、淡水真珠母貝の養殖","1","2015-08-03 10:14:07",""
"686","2","3","9","内水面漁業、一般海面漁業並びに魚介類の増養殖に関する事業","1","2015-08-03 10:14:07",""
"687","2","3","9","ほたてがい、かき、あわび等貝類の養殖並びに販売","1","2015-08-03 10:14:07",""
"688","2","3","9","まき網漁具を使用して行うアジ・サバの捕獲、揚操網漁","1","2015-08-03 10:14:07",""
"689","2","3","9","まき網漁具を使用して行うアジの捕獲","1","2015-08-03 10:14:07",""
"690","2","3","9","まき網漁具を使用して行うサバの捕獲","1","2015-08-03 10:14:07",""
"691","2","3","9","揚操網漁","1","2015-08-03 10:14:07",""
"692","2","3","9","養殖による真珠の採取、加工及び加工品の販売","1","2015-08-03 10:14:07",""
"693","2","3","9","海産物・乾物の加工及び販売","1","2015-08-03 10:14:07",""
"694","2","3","9","かき養殖業","1","2015-08-03 10:14:07",""
"695","2","3","9","汽船トロール漁業，機船底曳漁業，捕鯨業","1","2015-08-03 10:14:07",""
"696","2","3","9","魚介類の販売並びに輸出入業務","1","2015-08-03 10:14:07",""
"697","2","3","9","真珠養殖業","1","2015-08-03 10:14:07",""
"698","2","3","9","水耕栽培法による野菜及び果物の生産，販売","1","2015-08-03 10:14:07",""
"699","2","3","9","水産物，農畜産物の輸出入，国内販売並びに加工","1","2015-08-03 10:14:07",""
"700","2","3","9","水稲の生産販売","1","2015-08-03 10:14:07",""
"701","2","3","9","水溶紙応用の農産物生産の研究開発","1","2015-08-03 10:14:07",""
"702","2","3","9","定置網漁業の調査及び海洋資源の調査開発","1","2015-08-03 10:14:07",""
"703","2","3","9","のり養殖業","1","2015-08-03 10:14:07",""
"704","2","3","9","はまち養殖業","1","2015-08-03 10:14:07",""
"705","2","3","9","まき網漁業","1","2015-08-03 10:14:07",""
"706","2","3","9","わかめ養殖業","1","2015-08-03 10:14:07",""
"707","2","3","9","遠洋まぐろ延縄漁船事業","1","2015-08-03 10:14:07",""
"708","2","3","10","真珠養殖業","1","2015-08-03 10:14:07",""
"709","2","3","10","真珠の養殖","1","2015-08-03 10:14:07",""
"710","2","3","10","真珠母貝より稚貝を採苗し養殖し真珠の採取及び販売をする事業","1","2015-08-03 10:14:07",""
"711","2","3","10","真珠母貝より稚貝を採苗し養殖し真珠の採取","1","2015-08-03 10:14:07",""
"712","2","3","10","真珠母貝より稚貝を採苗し養殖し真珠の販売","1","2015-08-03 10:14:07",""
"713","2","3","10","淡水真珠、淡水真珠母貝の養殖","1","2015-08-03 10:14:07",""
"714","2","3","10","淡水真珠の養殖","1","2015-08-03 10:14:07",""
"715","2","3","10","淡水真珠母貝の養殖","1","2015-08-03 10:14:07",""
"716","2","3","10","養殖真珠、半宝石、宝石アクセサリーの輸出入および販売業務","1","2015-08-03 10:14:07",""
"717","2","3","10","養殖による真珠の採取、加工及び加工品の販売","1","2015-08-03 10:14:07",""
"718","2","3","10","養殖による真珠の採取","1","2015-08-03 10:14:07",""
"719","2","3","10","養殖による真珠の加工","1","2015-08-03 10:14:07",""
"720","2","3","10","養殖による真珠の加工品の販売","1","2015-08-03 10:14:07",""
"721","2","4","11","かき養殖業","1","2015-08-03 10:14:07",""
"722","2","4","11","ほたてがい、かき、あわび等貝類の養殖並びに販売","1","2015-08-03 10:14:07",""
"723","2","4","11","ほたてがいの養殖","1","2015-08-03 10:14:07",""
"724","2","4","11","ほたてがいの販売","1","2015-08-03 10:14:07",""
"725","2","4","11","かきの養殖","1","2015-08-03 10:14:07",""
"726","2","4","11","かきの販売","1","2015-08-03 10:14:07",""
"727","2","4","11","あわびの養殖","1","2015-08-03 10:14:07",""
"728","2","4","11","あわびの販売","1","2015-08-03 10:14:07",""
"729","2","4","12","観賞用こい、錦鯉、金魚類の養殖","1","2015-08-03 10:14:07",""
"730","2","4","12","観賞用こいの養殖","1","2015-08-03 10:14:07",""
"731","2","4","12","錦鯉の養殖","1","2015-08-03 10:14:07",""
"732","2","4","12","金魚類の養殖","1","2015-08-03 10:14:07",""
"733","2","4","12","ルアー又はフライ釣り用に供するティラピアの養殖","1","2015-08-03 10:14:07",""
"734","2","4","12","ルアー釣り用に供するティラピアの養殖","1","2015-08-03 10:14:07",""
"735","2","4","12","フライ釣り用に供するティラピアの養殖","1","2015-08-03 10:14:07",""
"736","2","4","12","魚介類、水産物の養殖","1","2015-08-03 10:14:07",""
"737","2","4","12","魚介類の養殖","1","2015-08-03 10:14:07",""
"738","2","4","12","水産物の養殖","1","2015-08-03 10:14:07",""
"739","2","4","12","魚介類、水産物のコンサルタント業","1","2015-08-03 10:14:07",""
"740","2","4","12","魚介類のコンサルタント業","1","2015-08-03 10:14:07",""
"741","2","4","12","水産物のコンサルタント業","1","2015-08-03 10:14:07",""
"742","2","4","12","魚介類の販売","1","2015-08-03 10:14:07",""
"743","2","4","12","魚介類の養殖事業及び販売","1","2015-08-03 10:14:07",""
"744","2","4","12","魚貝類の増養殖及び販売","1","2015-08-03 10:14:07",""
"745","2","4","12","魚貝類の増養殖","1","2015-08-03 10:14:07",""
"746","2","4","12","魚貝類の販売","1","2015-08-03 10:14:07",""
"747","2","4","12","魚類養殖事業","1","2015-08-03 10:14:07",""
"748","2","4","12","魚類養殖設備の製作","1","2015-08-03 10:14:07",""
"749","2","4","12","雑穀、飼料、魚介類養殖と輸出入販売","1","2015-08-03 10:14:07",""
"750","2","4","12","水産・魚介類の養殖","1","2015-08-03 10:14:07",""
"751","2","4","12","水産の養殖","1","2015-08-03 10:14:07",""
"752","2","4","12","観賞用水槽の設計、製造、販売","1","2015-08-03 10:14:07",""
"753","2","4","12","養魚飼料及び養殖飼料用添加物の仕入、販売","1","2015-08-03 10:14:07",""
"754","2","4","12","養魚飼料の仕入","1","2015-08-03 10:14:07",""
"755","2","4","12","養魚飼料の販売","1","2015-08-03 10:14:07",""
"756","2","4","12","養殖飼料用添加物の仕入","1","2015-08-03 10:14:07",""
"757","2","4","12","養殖飼料用添加物の販売","1","2015-08-03 10:14:07",""
"758","2","4","12","養魚飼料及び養殖飼料用添加物の輸出入","1","2015-08-03 10:14:07",""
"759","2","4","12","養魚飼料の輸出","1","2015-08-03 10:14:07",""
"760","2","4","12","養魚飼料の輸入","1","2015-08-03 10:14:07",""
"761","2","4","12","養殖飼料用添加物の輸出","1","2015-08-03 10:14:07",""
"762","2","4","12","養殖飼料用添加物の輸入","1","2015-08-03 10:14:07",""
"763","2","4","13","わかめ養殖業","1","2015-08-03 10:14:07",""
"764","2","4","14","のり養殖業","1","2015-08-03 10:14:07",""